timestamp,soil_moisture,temperature,humidity,soil_pH,light_intensity
2026-05-18 20:00:33,76,39,78,5.98,260
2026-05-18 20:00:38,77,23,62,5.86,561
2026-05-18 20:00:43,79,30,90,5.98,300
2026-05-18 20:00:48,51,36,47,6.17,318
2026-05-18 20:00:53,45,25,65,5.91,985
2026-05-18 20:00:58,72,34,90,6.95,436
2026-05-18 20:01:03,20,36,54,7.16,426
2026-05-18 20:01:08,23,36,66,6.47,748
2026-05-18 20:01:13,58,35,47,7.1,544
2026-05-18 20:01:18,78,26,43,7.33,470
2026-05-18 20:01:23,28,38,83,5.72,861
2026-05-18 20:01:28,76,32,42,6.21,268
2026-05-18 20:01:33,78,24,63,6.03,671
2026-05-18 20:01:38,74,34,57,6.38,639
2026-05-18 20:01:43,55,22,69,6.06,357
2026-05-18 20:01:48,35,39,44,5.79,322
2026-05-18 20:01:53,40,26,61,6.66,608
2026-05-18 20:01:58,42,20,67,6.55,1000
2026-05-18 20:02:03,62,26,83,6.12,510
2026-05-18 20:02:08,60,31,41,6.28,979
2026-05-18 20:02:13,49,20,53,5.94,832
2026-05-18 20:02:18,57,39,58,6.46,989
2026-05-18 20:02:23,69,24,64,6.05,439
2026-05-18 20:02:28,74,26,89,6.5,441
2026-05-18 20:02:33,73,32,40,5.61,263
2026-05-18 20:02:38,63,33,61,5.76,405
2026-05-18 20:02:43,56,36,83,5.61,838
2026-05-18 20:02:48,23,27,71,6.54,328
2026-05-18 20:02:53,20,34,53,7.05,961
2026-05-18 20:02:58,52,34,78,6.64,270
2026-05-18 20:03:03,78,25,40,6.91,787
2026-05-18 20:03:08,39,26,63,7.24,345
2026-05-18 20:03:13,56,36,44,7.38,533
2026-05-18 20:03:18,25,39,51,5.92,545
2026-05-18 20:03:23,43,33,66,5.57,677
2026-05-18 20:03:28,46,38,43,5.69,296
2026-05-18 20:03:33,34,27,44,7.43,637
2026-05-18 20:03:38,53,28,71,5.81,928
2026-05-18 20:03:43,28,38,71,6.3,511
2026-05-18 20:03:48,38,30,77,7.04,511
2026-05-18 20:03:53,35,35,59,6.16,247
2026-05-18 20:03:58,79,23,85,6.83,951
2026-05-18 20:04:03,27,38,77,6.99,978
2026-05-18 20:04:08,38,24,68,6.5,687
2026-05-18 20:04:13,20,28,85,7.2,966
2026-05-18 20:04:18,67,27,52,6.14,493
2026-05-18 20:04:23,30,34,82,7.29,697
2026-05-18 20:04:28,79,40,89,7.49,640
2026-05-18 20:04:33,31,35,68,6.07,702
2026-05-18 20:04:38,69,26,49,5.56,798
2026-05-18 20:04:43,73,34,66,6.95,927
2026-05-18 20:04:48,24,29,51,6.95,696
2026-05-18 20:04:53,23,26,72,6.26,223
2026-05-18 20:04:58,22,40,42,5.98,884
2026-05-18 20:05:03,46,24,89,6.34,871
2026-05-18 20:05:08,27,27,87,6.13,213
2026-05-18 20:05:13,30,39,71,6.89,253
2026-05-18 20:05:18,61,37,47,6.63,895
2026-05-18 20:05:23,45,27,43,5.66,292
2026-05-18 20:05:28,25,31,55,6.29,781
2026-05-18 20:05:33,65,25,75,7.08,941
2026-05-18 20:05:38,25,37,55,7.1,983
2026-05-18 20:05:43,57,38,82,5.78,847
2026-05-18 20:05:48,75,23,41,6.51,331
2026-05-18 20:05:53,67,29,64,5.92,505
2026-05-18 20:05:58,26,21,49,5.79,433
2026-05-18 20:06:03,76,32,47,7.14,538
2026-05-18 20:06:08,28,29,58,6.61,942
2026-05-18 20:06:14,78,36,58,6.85,509
2026-05-18 20:06:19,77,30,76,6.98,522
2026-05-18 20:06:24,63,29,63,7.32,828
2026-05-18 20:06:29,30,25,87,6.69,448
2026-05-18 20:06:34,61,20,49,6.95,734
2026-05-18 20:06:39,38,24,77,6.84,415
2026-05-18 20:06:44,53,23,53,6.4,221
2026-05-18 20:06:49,73,29,86,6.0,303
2026-05-18 20:06:54,61,26,71,6.85,915
2026-05-18 20:06:59,29,40,45,6.08,648
2026-05-18 20:07:04,41,26,73,6.86,644
2026-05-18 20:07:09,66,20,59,7.27,207
2026-05-18 20:07:14,24,24,52,5.86,688
2026-05-18 20:07:19,74,26,55,5.96,570
2026-05-18 20:07:24,45,40,41,5.65,209
2026-05-18 20:07:29,63,34,84,7.23,951
2026-05-18 20:07:34,25,20,52,6.08,774
2026-05-18 20:07:39,22,20,64,6.7,314
2026-05-18 20:07:44,68,32,77,6.4,476
2026-05-18 20:07:49,76,28,83,6.76,284
2026-05-18 20:07:54,76,28,58,7.03,727
2026-05-18 20:07:59,58,37,85,6.05,663
2026-05-18 20:08:04,34,34,83,7.47,248
2026-05-18 20:08:09,61,35,65,7.19,493
2026-05-18 20:08:14,27,22,66,7.05,926
2026-05-18 20:08:19,77,31,40,7.14,873
2026-05-18 20:08:24,43,25,48,6.21,867
2026-05-18 20:08:29,23,26,66,7.27,372
2026-05-18 20:08:34,21,22,76,6.34,327
2026-05-18 20:08:39,73,40,59,7.38,449
2026-05-18 20:08:44,68,23,61,6.72,903
2026-05-18 20:08:49,35,26,61,6.2,891
2026-05-18 20:08:54,72,34,54,6.46,728
2026-05-18 20:08:59,33,23,58,5.76,655
2026-05-18 20:09:04,30,27,52,7.03,682
2026-05-18 20:09:09,63,35,47,7.08,810
2026-05-18 20:09:14,67,22,80,7.01,604
2026-05-18 20:09:19,20,29,46,5.82,509
2026-05-18 20:09:24,67,29,65,7.05,473
2026-05-18 20:09:29,26,40,72,6.81,897
2026-05-18 20:09:34,26,21,87,7.02,660
2026-05-18 20:09:39,25,32,81,7.14,680
2026-05-18 20:09:44,76,29,80,7.33,433
2026-05-18 20:09:49,74,32,44,6.96,291
2026-05-18 20:09:54,23,40,42,6.41,929
2026-05-18 20:09:59,78,22,44,6.81,876
2026-05-18 20:10:04,24,40,69,7.46,262
2026-05-18 20:10:09,44,24,86,5.67,776
2026-05-18 20:10:14,23,38,89,6.22,749
2026-05-18 20:10:19,68,29,69,6.89,527
2026-05-18 20:10:24,25,40,84,7.18,493
2026-05-18 20:10:29,23,35,71,6.17,410
2026-05-18 20:10:34,36,38,57,7.0,431
2026-05-18 20:10:39,56,38,54,6.43,521
2026-05-18 20:10:44,29,34,86,5.7,991
2026-05-18 20:10:49,23,34,88,6.94,974
2026-05-18 20:10:54,28,22,78,6.6,666
2026-05-18 20:10:59,22,24,63,6.61,597
2026-05-18 20:11:04,24,28,89,6.96,233
2026-05-18 20:11:09,25,38,86,6.05,640
2026-05-18 20:11:14,20,35,58,7.43,269
2026-05-18 20:11:19,50,21,46,6.59,501
2026-05-18 20:11:24,42,30,43,5.8,949
2026-05-18 20:11:29,43,24,77,5.61,497
2026-05-18 20:11:34,69,36,67,6.95,856
2026-05-18 20:11:39,26,23,88,6.76,919
2026-05-18 20:11:44,28,39,80,5.51,929
2026-05-18 20:11:49,45,33,51,5.78,498
2026-05-18 20:11:54,36,31,62,5.99,863
2026-05-18 20:11:59,62,38,51,6.39,801
2026-05-18 20:12:04,22,39,76,7.14,748
2026-05-18 20:12:09,51,20,60,6.23,594
2026-05-18 20:12:14,65,29,59,6.7,889
2026-05-18 20:12:19,49,27,85,6.77,473
2026-05-18 20:12:24,26,23,48,5.98,439
2026-05-18 20:12:29,25,32,44,6.52,927
2026-05-18 20:12:34,22,22,64,6.36,443
2026-05-18 20:12:39,23,24,59,6.8,525
2026-05-18 20:12:44,25,35,54,6.09,464
2026-05-18 20:12:49,69,33,69,5.51,793
2026-05-18 20:12:54,72,39,65,6.65,982
2026-05-18 20:12:59,48,40,89,7.03,986
2026-05-18 20:13:04,68,22,78,6.02,416
2026-05-18 20:13:09,24,32,89,7.43,818
2026-05-18 20:13:14,21,27,70,6.29,690
2026-05-18 20:13:19,25,27,83,5.98,747
2026-05-18 20:13:24,21,34,85,6.98,840
2026-05-18 20:13:29,77,39,41,6.82,338
2026-05-18 20:13:34,80,28,76,5.58,251
2026-05-18 20:13:39,26,39,73,5.69,253
2026-05-18 20:13:44,40,24,64,6.67,277
2026-05-18 20:13:50,66,25,51,6.14,940
2026-05-18 20:13:55,80,28,67,7.5,214
2026-05-18 20:14:00,78,25,44,6.35,622
2026-05-18 20:14:05,25,21,63,6.92,787
2026-05-18 20:14:10,75,25,63,7.31,297
2026-05-18 20:14:15,70,37,59,7.16,564
2026-05-18 20:14:20,74,23,76,5.57,388
2026-05-18 20:14:25,66,22,74,6.47,895
2026-05-18 20:14:30,79,38,76,6.61,670
2026-05-18 20:14:35,48,32,52,6.05,888
2026-05-18 20:14:40,25,34,84,6.56,955
2026-05-18 20:14:45,69,23,86,7.19,470
2026-05-18 20:14:50,79,31,84,7.47,755
2026-05-18 20:14:55,69,37,86,5.8,341
2026-05-18 20:15:00,49,20,66,5.53,762
2026-05-18 20:15:05,21,35,48,6.12,211
2026-05-18 20:15:10,29,25,41,6.16,203
2026-05-18 20:15:15,71,35,45,6.62,308
2026-05-18 20:15:20,35,37,40,7.41,372
2026-05-18 20:15:25,37,37,56,6.75,390
2026-05-18 20:15:30,49,30,82,6.66,300
2026-05-18 20:15:35,24,24,76,6.28,444
2026-05-18 20:15:40,72,36,84,6.18,912
2026-05-18 20:15:45,39,33,47,5.75,243
2026-05-18 20:15:50,76,36,65,6.89,913
2026-05-18 20:15:55,69,34,40,5.81,640
2026-05-18 20:16:00,62,38,40,7.23,777
2026-05-18 20:16:05,25,25,69,6.9,221
2026-05-18 20:16:10,50,20,88,5.51,294
2026-05-18 20:16:15,62,36,54,7.16,746
2026-05-18 20:16:20,23,39,83,7.06,847
2026-05-18 20:16:25,49,31,43,5.75,254
2026-05-18 20:16:30,31,21,70,6.19,673
2026-05-18 20:16:35,75,35,65,6.3,303
2026-05-18 20:16:40,46,35,48,6.07,690
2026-05-18 20:16:45,50,35,54,5.67,408
2026-05-18 20:16:50,61,25,80,6.14,764
2026-05-18 20:16:55,48,22,47,6.84,526
2026-05-18 20:17:00,61,37,40,5.71,375
2026-05-18 20:17:05,34,24,46,6.13,645
2026-05-18 20:17:10,69,31,47,7.04,784
2026-05-18 20:17:15,20,26,58,7.48,495
2026-05-18 20:17:20,69,28,48,7.35,322
2026-05-18 20:17:25,52,31,46,6.04,832
2026-05-18 20:17:30,31,31,40,6.53,733
2026-05-18 20:17:35,29,28,81,6.43,765
2026-05-18 20:17:40,52,30,54,5.69,468
2026-05-18 20:17:45,74,22,86,6.65,989
2026-05-18 20:17:50,51,26,52,7.5,838
2026-05-18 20:17:55,36,22,88,7.25,591
2026-05-18 20:18:00,54,32,52,6.36,655
2026-05-18 20:18:05,38,21,44,5.55,611
2026-05-18 20:18:10,43,22,49,6.22,331
2026-05-18 20:18:15,25,31,75,7.36,784
2026-05-18 20:18:20,60,28,66,6.97,639
2026-05-18 20:18:25,20,38,60,6.23,224
2026-05-18 20:18:30,26,28,44,7.01,956
2026-05-18 20:18:35,25,28,59,6.09,334
2026-05-18 20:18:40,76,26,67,6.77,890
2026-05-18 20:18:45,65,25,41,6.12,790
2026-05-18 20:18:50,62,30,69,6.64,247
2026-05-18 20:21:44,57,21,76,7.17,842
2026-05-18 20:21:49,68,37,65,7.06,958
2026-05-18 20:21:54,61,23,74,7.45,831
2026-05-18 20:21:59,49,27,62,6.7,546
2026-05-18 20:22:04,40,22,72,5.66,280
2026-05-18 20:22:09,40,24,71,6.63,974
2026-05-18 20:22:14,50,31,75,6.72,907
2026-05-18 20:42:18,25,22,87,6.11,906
2026-05-18 23:46:40,64,27,58,7.17,666
2026-05-18 23:46:45,68,36,77,5.72,404
2026-05-18 23:46:50,74,27,43,7.41,888
2026-05-18 23:46:55,66,33,68,6.52,205
2026-05-18 23:47:00,74,21,55,6.13,665
2026-05-18 23:47:05,22,38,40,6.65,728
2026-05-20 09:07:31,71,22,90,7.36,684
2026-05-20 09:07:36,66,32,51,6.97,265
2026-05-20 09:07:41,28,40,46,5.94,250
2026-05-20 09:07:46,23,39,51,7.5,957
2026-05-20 09:16:47,32,31,72,7.2,309
2026-05-20 09:16:52,25,25,52,6.62,496
2026-05-20 09:16:57,26,33,81,7.06,441
2026-05-20 09:17:02,80,34,57,5.86,677
2026-05-20 09:17:07,37,34,75,7.38,980
2026-05-20 09:17:12,72,34,84,5.56,970
2026-05-20 09:17:17,55,27,82,6.17,632
2026-05-20 09:17:22,51,25,66,6.65,552
2026-05-20 09:17:27,73,25,49,7.18,941
2026-05-20 09:17:32,23,28,66,6.42,670
2026-05-20 09:17:37,68,26,49,6.75,555
2026-05-20 09:17:42,65,27,45,6.49,204
2026-05-20 09:17:47,29,23,61,7.14,935
2026-05-20 09:17:52,28,36,87,6.49,548
2026-05-20 09:17:57,20,27,43,6.55,396
2026-05-20 09:18:02,29,26,75,5.71,573
2026-05-20 09:18:07,52,36,87,6.87,908
2026-05-20 09:18:12,22,25,90,6.72,403
2026-05-20 09:18:17,69,33,67,7.11,598
2026-05-20 09:18:22,78,32,84,7.28,783
2026-05-20 09:18:27,35,22,82,6.2,324
2026-05-20 09:18:32,65,34,62,6.33,651
2026-05-20 09:18:37,65,36,42,7.23,440
2026-05-20 09:18:42,44,32,65,5.69,409
2026-05-20 09:18:47,66,22,84,6.05,741
2026-05-20 09:18:52,26,38,90,5.66,224
2026-05-20 09:18:57,53,26,87,7.22,385
2026-05-20 09:19:02,70,32,74,6.61,929
2026-05-20 09:19:07,20,22,72,5.75,928
2026-05-20 09:19:12,79,20,69,5.7,240
2026-05-20 09:19:17,61,27,43,7.29,631
2026-05-20 09:19:22,80,22,72,7.2,254
2026-05-20 09:19:27,44,38,63,5.66,673
2026-05-20 09:19:32,78,22,41,5.88,819
2026-05-20 09:19:37,53,28,75,6.04,267
2026-05-20 09:19:42,40,21,51,5.53,984
2026-05-20 09:19:47,67,33,61,7.19,581
2026-05-20 09:19:52,74,30,40,5.99,290
2026-05-20 09:19:57,43,24,62,6.08,512
2026-05-20 09:20:02,73,39,67,6.89,728
2026-05-20 09:20:07,20,37,43,6.46,630
2026-05-20 09:20:12,30,28,41,5.93,307
2026-05-20 09:20:17,80,25,40,7.4,341
2026-05-20 09:20:22,43,40,80,6.3,740
2026-05-20 09:20:27,41,39,73,6.51,879
2026-05-20 09:20:32,76,24,62,6.94,722
2026-05-20 09:20:37,67,39,86,6.38,931
2026-05-20 09:20:42,57,40,77,7.15,842
2026-05-20 09:20:47,40,40,54,7.02,613
2026-05-20 09:20:52,39,35,87,7.24,530
2026-05-20 09:20:57,67,32,87,5.77,368
2026-05-20 09:21:02,41,39,70,6.72,984
2026-05-20 09:21:07,29,30,47,7.16,253
2026-05-20 09:21:12,69,34,66,5.55,595
2026-05-20 09:21:18,26,34,46,6.54,560
2026-05-20 09:21:23,58,39,87,6.97,624
2026-05-20 09:21:28,67,30,61,6.56,360
2026-05-20 09:21:33,26,31,55,5.79,564
2026-05-20 09:21:38,51,35,55,6.75,506
2026-05-20 09:21:43,77,39,47,5.96,206
2026-05-20 09:21:48,71,20,59,7.18,596
2026-05-20 09:21:53,39,22,53,6.1,726
2026-05-20 09:21:58,45,33,49,6.52,840
2026-05-20 09:22:03,25,25,46,7.14,737
2026-05-20 09:22:08,27,25,67,7.0,789
2026-05-20 09:22:13,75,34,90,7.28,343
2026-05-20 09:22:18,61,36,40,7.16,535
2026-05-20 09:22:23,28,33,60,6.12,728
2026-05-20 09:22:28,42,35,89,6.81,434
2026-05-20 09:22:33,20,23,66,7.09,502
2026-05-20 09:22:38,30,40,48,6.49,828
2026-05-20 09:22:43,30,35,48,6.87,477
2026-05-20 09:22:48,78,20,77,6.06,505
2026-05-20 09:22:53,53,28,68,5.58,267
2026-05-20 09:22:58,44,27,82,6.8,879
2026-05-20 09:23:03,30,33,87,6.97,294
2026-05-20 09:23:08,80,37,45,6.68,994
2026-05-20 09:23:13,63,35,78,6.38,487
2026-05-20 09:23:18,64,20,78,7.06,750
2026-05-20 09:23:23,77,30,57,6.52,622
2026-05-20 09:23:28,59,35,83,6.16,578
2026-05-20 09:23:33,55,32,69,6.94,942
2026-05-20 09:23:38,27,34,86,6.58,933
2026-05-20 09:23:43,28,28,64,5.52,811
2026-05-20 09:23:48,57,38,78,5.79,670
2026-05-20 09:23:53,59,24,50,7.06,513
2026-05-20 09:23:58,77,23,65,6.21,225
2026-05-20 09:24:03,21,25,85,6.78,987
2026-05-20 09:24:08,35,33,83,5.85,389
2026-05-20 09:24:13,80,22,79,5.95,632
2026-05-20 09:24:18,42,33,41,5.6,391
2026-05-20 09:24:23,69,34,49,5.52,716
2026-05-20 09:24:28,25,37,57,6.64,395
2026-05-20 09:24:33,68,36,74,7.09,220
2026-05-20 09:24:38,22,37,50,7.28,959
2026-05-20 09:24:43,71,31,59,5.69,607
2026-05-20 09:24:48,24,25,47,5.78,650
2026-05-20 09:24:53,67,38,43,7.41,473
2026-05-20 09:24:58,29,27,52,6.4,752
2026-05-20 09:25:03,62,31,51,5.82,210
2026-05-20 09:25:08,42,24,72,6.83,765
2026-05-20 09:25:13,30,27,61,6.76,479
2026-05-20 09:25:18,61,34,43,6.58,807
2026-05-20 09:25:23,56,28,41,6.58,747
2026-05-20 09:25:28,29,28,58,6.09,854
2026-05-20 09:25:33,24,25,83,6.31,953
2026-05-20 09:25:38,49,39,78,7.39,847
2026-05-20 09:25:43,71,38,60,7.48,564
2026-05-20 09:25:48,21,28,85,7.14,996
2026-05-20 09:25:53,44,39,58,7.18,820
2026-05-20 09:25:58,27,31,45,6.07,908
2026-05-20 09:26:03,25,22,44,6.11,706
2026-05-20 09:26:08,38,36,78,6.31,793
2026-05-20 09:26:13,61,32,74,6.3,747
2026-05-20 09:26:18,80,37,89,5.97,509
2026-05-20 09:26:23,28,35,44,7.48,788
2026-05-20 09:26:28,23,28,53,6.85,383
2026-05-20 09:26:33,76,28,67,6.72,565
2026-05-20 09:26:38,26,23,54,6.51,377
2026-05-20 09:26:43,74,27,43,7.03,470
2026-05-20 09:26:48,78,25,51,6.6,323
2026-05-20 09:26:53,29,25,45,5.57,237
2026-05-20 09:26:58,21,23,60,7.3,457
2026-05-20 09:27:03,20,30,54,7.3,538
2026-05-20 09:27:08,59,20,44,6.98,402
2026-05-20 09:27:13,35,28,45,7.31,970
2026-05-20 09:27:18,39,21,73,6.13,259
2026-05-20 09:27:23,63,33,81,6.21,863
2026-05-20 09:27:28,22,25,84,6.32,479
2026-05-20 09:27:33,27,21,68,6.45,594
2026-05-20 09:27:38,36,26,64,6.19,861
2026-05-20 09:27:43,27,38,82,5.97,462
2026-05-20 09:27:48,71,34,84,5.7,542
2026-05-20 09:27:53,74,39,84,6.42,511
2026-05-20 09:27:58,75,20,69,7.09,812
2026-05-20 09:28:03,51,20,63,6.47,202
2026-05-20 09:28:08,75,33,44,5.76,922
2026-05-20 09:28:13,22,25,40,6.84,961
2026-05-20 09:28:18,26,37,45,5.98,635
2026-05-20 09:28:23,69,22,71,6.46,412
2026-05-20 09:28:28,22,30,66,5.53,925
2026-05-20 09:28:33,69,32,87,7.0,670
2026-05-20 09:28:38,20,27,49,6.3,518
2026-05-20 09:28:43,28,32,70,6.26,928
2026-05-20 09:28:48,80,40,57,7.03,543
2026-05-20 09:28:53,48,27,61,6.57,994
2026-05-20 09:28:58,68,37,90,6.73,618
2026-05-20 09:29:03,51,39,61,6.04,481
2026-05-20 09:29:08,66,36,79,6.72,960
2026-05-20 09:29:13,65,34,72,6.21,380
2026-05-20 09:29:18,27,20,72,7.25,566
2026-05-20 09:29:23,76,40,61,6.52,717
2026-05-20 09:29:28,48,28,41,5.72,940
2026-05-20 09:29:33,24,35,73,6.83,950
2026-05-20 09:29:38,27,23,75,5.94,798
2026-05-20 09:29:43,27,39,74,6.27,623
2026-05-20 09:29:48,71,30,52,7.25,428
2026-05-20 09:29:54,78,21,50,6.86,981
2026-05-20 09:29:59,57,39,60,6.04,599
2026-05-20 09:30:04,42,24,40,5.53,827
2026-05-20 09:30:09,65,39,73,5.92,203
2026-05-20 09:30:14,36,20,45,7.2,933
2026-05-20 09:30:19,25,31,87,7.36,701
2026-05-20 09:30:24,75,37,62,7.26,502
2026-05-20 09:30:29,34,35,45,6.41,949
2026-05-20 09:30:34,76,29,86,5.56,998
2026-05-20 09:30:39,22,25,62,6.1,325
2026-05-20 09:30:44,20,22,52,6.23,982
2026-05-20 09:30:49,74,40,54,6.17,584
2026-05-20 09:30:54,30,22,79,6.38,777
2026-05-20 09:30:59,77,35,63,7.12,767
2026-05-20 09:31:04,38,27,46,6.57,778
2026-05-20 09:31:09,61,24,55,5.94,758
2026-05-20 09:31:14,63,26,41,7.4,323
2026-05-20 09:31:19,31,24,66,7.49,730
2026-05-20 09:31:24,43,22,41,7.16,412
2026-05-20 09:31:29,27,23,46,7.2,311
2026-05-20 09:31:34,30,39,59,7.4,376
2026-05-20 09:31:39,25,32,60,5.87,924
2026-05-20 09:31:44,57,40,40,6.04,938
2026-05-20 09:31:49,80,22,50,6.41,832
2026-05-20 09:31:54,64,23,67,6.18,929
2026-05-20 09:31:59,77,37,77,7.11,614
2026-05-20 09:32:04,20,22,43,7.41,481
2026-05-20 09:32:09,22,28,72,7.25,748
2026-05-20 09:32:14,26,30,51,6.93,979
2026-05-20 09:32:19,70,28,55,5.64,594
2026-05-20 09:32:24,27,35,45,6.13,396
2026-05-20 09:32:29,23,27,68,6.9,582
2026-05-20 09:32:34,62,20,74,6.83,408
2026-05-20 09:32:39,74,40,51,7.17,886
2026-05-20 09:32:44,63,25,67,6.54,524
2026-05-20 09:32:49,59,22,56,5.55,412
2026-05-20 09:32:54,54,20,51,6.31,685
2026-05-20 09:32:59,48,33,55,5.67,812
2026-05-20 09:33:04,29,27,76,5.98,999
2026-05-20 09:33:09,72,23,57,5.71,600
2026-05-20 09:33:14,26,27,88,7.27,348
2026-05-20 09:33:19,36,27,67,7.16,491
2026-05-20 09:33:24,57,30,74,6.08,638
2026-05-20 09:33:29,26,37,79,6.49,945
2026-05-20 09:33:34,27,26,88,6.65,719
2026-05-20 09:33:39,36,32,60,7.44,534
2026-05-20 09:33:44,79,30,71,5.53,944
2026-05-20 09:33:49,24,29,84,5.78,525
2026-05-20 09:33:54,55,28,58,5.67,902
2026-05-20 09:33:59,45,25,44,7.44,346
2026-05-20 09:34:04,31,39,85,6.69,245
2026-05-20 09:34:09,22,27,42,5.69,979
2026-05-20 09:34:14,24,33,85,6.21,782
2026-05-20 09:34:19,61,30,80,6.97,855
2026-05-20 09:34:24,60,37,63,7.0,763
2026-05-20 09:34:29,36,34,65,5.87,847
2026-05-20 09:34:34,24,30,55,7.38,870
2026-05-20 09:34:39,63,34,79,7.18,577
2026-05-20 09:34:44,49,29,61,6.09,543
2026-05-20 09:34:49,48,23,60,5.69,792
2026-05-20 09:34:54,28,35,41,7.49,455
2026-05-20 09:34:59,71,20,83,5.69,303
2026-05-20 09:35:04,51,39,85,5.81,201
2026-05-20 09:35:09,25,22,48,6.6,404
2026-05-20 09:35:14,50,36,42,6.52,839
2026-05-20 09:35:19,41,22,69,6.45,695
2026-05-20 09:35:24,66,25,41,7.08,286
2026-05-20 09:35:29,60,29,71,6.99,572
2026-05-20 09:35:34,80,29,46,5.68,212
2026-05-20 09:35:39,21,40,55,5.97,646
2026-05-20 09:35:44,25,22,52,5.54,361
2026-05-20 09:35:49,22,32,41,5.52,828
2026-05-20 09:35:54,24,29,56,7.44,925
2026-05-20 09:35:59,69,30,90,6.48,866
2026-05-20 09:36:04,22,30,57,5.66,950
2026-05-20 09:36:09,27,37,42,6.26,959
2026-05-20 09:36:14,58,20,53,6.17,701
2026-05-20 09:36:19,53,38,62,6.65,703
2026-05-20 09:36:24,20,30,54,6.57,995
2026-05-20 09:36:29,59,38,66,6.9,368
2026-05-20 09:36:34,71,34,89,6.13,861
2026-05-20 09:36:39,48,39,84,6.12,834
2026-05-20 09:36:44,76,26,55,6.7,459
2026-05-20 09:36:49,51,25,56,6.97,668
2026-05-20 09:36:54,79,37,89,6.21,362
2026-05-20 09:36:59,22,32,51,6.84,218
2026-05-20 09:37:04,42,28,76,6.76,343
2026-05-20 09:37:09,75,33,84,6.74,597
2026-05-20 09:37:14,27,37,73,7.13,564
2026-05-20 09:37:19,42,27,68,6.14,419
2026-05-20 09:37:24,42,37,79,6.22,807
2026-05-20 09:37:29,38,33,81,7.41,882
2026-05-20 09:37:34,63,27,54,7.13,244
2026-05-20 09:37:39,25,35,64,6.82,844
2026-05-20 09:37:44,38,32,60,6.88,804
2026-05-20 09:37:49,25,38,75,6.96,804
2026-05-20 09:37:54,49,20,52,6.7,666
2026-05-20 09:37:59,22,39,55,5.93,967
2026-05-20 09:38:04,59,35,77,7.17,938
2026-05-20 09:38:09,27,28,42,6.4,557
2026-05-20 09:38:14,38,28,81,7.16,559
2026-05-20 09:38:19,75,25,56,5.73,871
2026-05-20 09:38:24,64,30,77,7.05,389
2026-05-20 09:38:29,24,37,51,7.42,625
2026-05-20 09:38:34,41,40,73,6.07,991
2026-05-20 09:38:39,74,24,57,5.89,375
2026-05-20 09:38:44,23,30,90,5.51,934
2026-05-20 09:38:50,43,35,41,6.71,471
2026-05-20 09:38:55,77,21,43,7.03,878
2026-05-20 09:39:00,43,35,64,7.1,986
2026-05-20 09:39:05,22,29,41,5.73,963
2026-05-20 09:39:10,27,24,55,6.92,747
2026-05-20 09:39:15,69,22,72,6.7,637
2026-05-20 09:39:20,25,28,43,5.54,751
2026-05-20 09:39:25,23,39,78,5.75,638
2026-05-20 09:39:30,39,35,76,5.65,609
2026-05-20 09:39:35,28,20,50,6.44,416
2026-05-20 09:39:40,25,28,45,7.0,377
2026-05-20 09:39:45,64,34,67,7.17,650
2026-05-20 09:39:50,74,36,51,6.37,831
2026-05-20 09:39:55,74,39,44,5.52,536
2026-05-20 09:40:00,58,33,69,7.11,657
2026-05-20 09:40:05,77,25,67,6.78,650
2026-05-20 09:40:10,72,36,71,5.75,275
2026-05-20 09:40:15,78,38,87,7.03,908
2026-05-20 09:40:20,22,36,86,6.99,529
2026-05-20 09:40:25,66,26,41,7.37,355
2026-05-20 09:40:30,78,25,71,6.13,319
2026-05-20 09:40:35,62,36,65,5.78,385
2026-05-20 09:40:40,57,34,84,6.56,710
2026-05-20 09:40:45,80,34,48,5.91,365
2026-05-20 09:40:50,70,31,49,7.06,982
2026-05-20 09:40:55,61,26,84,6.77,907
2026-05-20 09:41:00,80,32,47,6.98,549
2026-05-20 09:41:05,24,38,87,7.4,983
2026-05-20 09:41:10,51,38,54,5.75,573
2026-05-20 09:41:15,37,35,55,6.47,699
2026-05-20 09:41:20,20,30,65,7.1,778
2026-05-20 09:41:25,41,33,43,5.62,251
2026-05-20 09:41:30,35,32,77,5.63,753
2026-05-20 09:41:35,23,36,62,6.73,832
2026-05-20 09:41:40,66,35,54,6.07,636
2026-05-20 09:41:45,40,35,46,6.3,703
2026-05-20 09:41:50,24,27,79,6.66,726
2026-05-20 09:41:55,24,28,55,6.36,685
2026-05-20 09:42:00,25,20,87,5.97,883
2026-05-20 09:42:05,65,29,59,6.11,407
2026-05-20 09:42:10,42,25,69,6.15,280
2026-05-20 09:42:15,60,27,72,6.88,482
2026-05-20 09:42:20,73,37,84,6.84,348
2026-05-20 09:42:25,69,23,73,5.76,723
2026-05-20 09:42:30,20,21,79,6.21,324
2026-05-20 09:42:35,29,24,77,5.54,234
2026-05-20 09:42:40,62,37,54,6.91,716
2026-05-20 09:42:45,72,25,78,7.2,944
2026-05-20 09:42:50,24,32,64,6.76,577
2026-05-20 09:42:55,61,35,83,7.48,660
2026-05-20 09:43:00,47,38,86,7.44,608
2026-05-20 09:43:05,67,28,49,7.12,626
2026-05-20 09:43:10,75,38,71,7.18,939
2026-05-20 09:43:15,25,37,61,6.02,901
2026-05-20 09:43:20,47,21,78,7.37,847
2026-05-20 09:43:25,21,27,88,7.39,270
2026-05-20 09:43:30,47,24,46,7.14,236
2026-05-20 09:43:35,41,28,42,7.38,258
2026-05-20 09:43:40,30,20,85,6.92,686
2026-05-20 09:43:45,66,34,58,6.69,321
2026-05-20 09:43:50,48,25,63,7.26,630
2026-05-20 09:43:55,80,31,72,6.85,634
2026-05-20 09:44:00,22,34,61,7.34,767
2026-05-20 09:44:05,75,39,73,6.19,394
2026-05-20 09:44:10,69,31,85,5.91,341
2026-05-20 09:44:15,42,22,86,7.0,699
2026-05-20 09:44:20,51,32,41,7.47,846
2026-05-20 09:44:25,49,29,59,6.68,784
2026-05-20 09:44:30,45,36,70,6.93,593
2026-05-20 09:44:35,64,22,47,6.62,762
2026-05-20 09:44:40,77,29,76,6.72,238
2026-05-20 09:44:45,74,24,47,7.05,983
2026-05-20 09:44:50,28,23,88,7.04,639
2026-05-20 09:44:55,65,22,74,7.35,643
2026-05-20 09:45:00,20,21,59,6.93,956
2026-05-20 09:45:05,58,39,80,6.82,398
2026-05-20 09:45:10,51,40,56,5.57,781
2026-05-20 09:45:15,61,24,72,6.15,265
2026-05-20 09:45:20,80,22,77,6.05,754
2026-05-20 09:45:25,73,37,51,6.74,456
2026-05-20 09:45:30,58,36,59,6.04,555
2026-05-20 09:45:35,32,25,67,7.22,627
2026-05-20 09:45:40,57,34,55,5.56,991
2026-05-20 09:45:45,66,22,40,6.6,931
2026-05-20 09:45:50,56,21,74,6.15,416
2026-05-20 09:45:55,55,26,84,5.9,835
2026-05-20 09:46:00,29,27,60,7.03,741
2026-05-20 09:46:05,20,22,75,7.46,861
2026-05-20 09:46:10,24,27,46,6.0,624
2026-05-20 09:46:15,41,23,51,6.41,877
2026-05-20 09:46:20,59,24,88,6.68,743
2026-05-20 09:46:25,27,26,81,6.31,767
2026-05-20 09:46:30,60,34,43,6.96,446
2026-05-20 09:46:35,22,27,81,6.14,894
2026-05-20 09:46:40,20,36,69,7.43,263
2026-05-20 09:46:45,76,37,54,6.1,489
2026-05-20 09:46:50,28,25,63,6.11,374
2026-05-20 09:46:55,61,35,89,6.79,336
2026-05-20 09:47:00,59,36,84,7.05,332
2026-05-20 09:47:05,26,24,57,5.76,793
2026-05-20 09:47:10,56,22,73,7.43,496
2026-05-20 09:47:16,65,23,59,6.46,251
2026-05-20 09:47:21,29,29,80,7.34,836
2026-05-20 09:47:26,72,35,87,6.78,880
2026-05-20 09:47:31,27,40,65,5.96,218
2026-05-20 09:47:36,56,31,52,7.13,295
2026-05-20 09:47:41,22,34,80,6.9,358
2026-05-20 09:47:46,37,36,87,6.14,622
2026-05-20 09:47:51,21,24,75,5.82,566
2026-05-20 09:47:56,25,29,52,6.48,826
2026-05-20 09:48:01,54,38,63,5.9,740
2026-05-20 09:48:06,79,28,74,6.35,478
2026-05-20 09:48:11,59,40,50,6.92,297
2026-05-20 09:48:16,63,39,54,7.3,708
2026-05-20 09:48:21,28,36,77,6.65,782
2026-05-20 09:48:26,61,28,86,6.61,215
2026-05-20 09:48:31,26,23,47,6.0,518
2026-05-20 09:48:36,36,39,75,7.43,498
2026-05-20 09:48:41,78,34,49,6.57,721
2026-05-20 09:48:46,43,20,72,5.8,633
2026-05-20 09:48:51,63,30,44,6.18,272
2026-05-20 09:48:56,26,40,86,7.21,756
2026-05-20 09:49:01,37,33,83,6.14,965
2026-05-20 09:49:06,62,21,72,5.67,584
2026-05-20 09:49:11,64,21,50,7.42,389
2026-05-20 09:49:16,28,20,81,5.81,902
2026-05-20 09:49:21,20,34,69,7.02,486
2026-05-20 09:49:26,46,30,71,6.25,407
2026-05-20 09:49:31,22,39,42,7.45,757
2026-05-20 09:49:36,40,29,58,5.89,895
2026-05-20 09:49:41,30,24,50,7.37,976
2026-05-20 09:49:46,67,32,75,7.47,735
2026-05-20 09:49:51,42,34,44,6.47,953
2026-05-20 09:49:56,77,24,45,6.07,730
2026-05-20 09:50:01,20,32,49,5.91,345
2026-05-20 09:50:06,45,31,72,6.05,745
2026-05-20 09:50:11,61,30,82,6.19,945
2026-05-20 09:50:16,22,39,55,6.55,900
2026-05-20 09:50:21,21,25,44,6.8,528
2026-05-20 09:50:26,57,27,59,7.01,349
2026-05-20 09:50:31,67,29,75,5.55,451
2026-05-20 09:50:36,31,29,80,6.13,797
2026-05-20 09:50:41,30,35,62,6.74,373
2026-05-20 09:50:46,28,22,56,6.37,966
2026-05-20 09:50:51,78,25,88,6.8,977
2026-05-20 09:50:56,76,24,83,7.28,214
2026-05-20 09:51:01,55,40,56,5.75,502
2026-05-20 09:51:06,65,26,55,6.4,546
2026-05-20 09:51:11,55,32,46,6.59,217
2026-05-20 09:51:16,61,32,64,6.76,329
2026-05-20 09:51:21,35,28,66,6.09,481
2026-05-20 09:51:26,21,27,84,5.89,822
2026-05-20 09:51:31,80,36,48,7.1,919
2026-05-20 09:51:36,29,20,77,6.83,275
2026-05-20 09:51:41,27,38,79,6.99,972
2026-05-20 09:51:46,24,27,55,6.63,477
2026-05-20 09:51:51,66,39,84,6.29,868
2026-05-20 09:51:56,77,27,71,6.91,245
2026-05-20 09:52:01,79,33,78,5.95,327
2026-05-20 09:52:06,78,21,62,5.69,289
2026-05-20 09:52:11,24,25,44,6.9,415
2026-05-20 09:52:16,64,28,72,7.48,264
2026-05-20 09:52:21,72,22,68,5.89,891
2026-05-20 09:52:26,43,40,43,5.68,810
2026-05-20 09:52:31,51,24,52,6.31,735
2026-05-20 09:52:36,76,24,60,6.03,439
2026-05-20 09:52:41,68,21,89,6.19,539
2026-05-20 09:52:46,71,22,63,5.97,566
2026-05-20 09:52:51,47,28,56,7.45,928
2026-05-20 09:52:56,49,21,87,5.92,896
2026-05-20 09:53:01,75,23,71,6.5,883
2026-05-20 09:53:06,31,29,67,5.86,245
2026-05-20 09:53:11,22,32,72,6.43,596
2026-05-20 09:53:16,23,32,63,6.92,463
2026-05-20 09:53:21,57,31,65,6.84,660
2026-05-20 09:53:26,67,38,85,6.53,438
2026-05-20 09:53:31,52,24,41,5.63,571
2026-05-20 09:53:36,35,22,87,7.33,918
2026-05-20 09:53:41,65,26,48,7.47,771
2026-05-20 09:53:46,47,22,44,5.71,511
2026-05-20 09:53:51,30,21,50,6.67,549
2026-05-20 09:53:56,70,24,61,7.26,701
2026-05-20 09:54:01,22,23,86,6.08,206
2026-05-20 09:54:06,75,21,83,6.76,780
2026-05-20 09:54:11,76,36,85,6.45,734
2026-05-20 09:54:16,42,32,89,6.06,398
2026-05-20 09:54:21,67,36,85,7.03,797
2026-05-20 09:54:26,24,23,65,6.87,961
2026-05-20 09:54:31,28,37,90,5.65,533
2026-05-20 09:54:36,33,33,52,6.0,378
2026-05-20 09:54:41,58,27,80,7.41,407
2026-05-20 09:54:46,79,23,72,6.29,780
2026-05-20 09:54:51,21,20,66,5.79,848
2026-05-20 09:54:56,79,20,58,6.57,698
2026-05-20 09:55:01,32,24,48,7.5,355
2026-05-20 09:55:06,50,24,48,6.84,271
2026-05-20 09:55:11,46,32,51,6.05,479
2026-05-20 09:55:16,47,40,66,6.44,342
2026-05-20 09:55:21,77,39,77,5.65,413
2026-05-20 09:55:26,23,34,60,5.8,763
2026-05-20 09:55:31,57,25,74,5.56,322
2026-05-20 09:55:36,23,31,45,7.33,402
2026-05-20 09:55:41,69,35,46,5.64,751
2026-05-20 09:55:46,52,21,48,5.72,716
2026-05-20 09:55:51,79,24,46,6.83,775
2026-05-20 09:55:57,73,29,61,6.58,741
2026-05-20 09:56:02,79,31,55,7.06,407
2026-05-20 09:56:07,23,30,50,6.62,325
2026-05-20 09:56:12,25,24,71,6.86,527
2026-05-20 09:56:17,75,29,62,6.15,778
2026-05-20 09:56:22,65,24,75,5.55,230
2026-05-20 09:56:27,75,33,90,6.03,712
2026-05-20 09:56:32,73,40,76,7.28,931
2026-05-20 09:56:37,38,26,84,6.6,351
2026-05-20 09:56:42,77,35,50,5.67,723
2026-05-20 09:56:47,60,27,76,6.97,798
2026-05-20 09:56:52,43,36,77,7.15,695
2026-05-20 09:56:57,78,29,72,6.94,478
2026-05-20 09:57:02,25,29,61,7.18,743
2026-05-20 09:57:07,26,40,69,6.59,360
2026-05-20 09:57:12,62,25,82,6.66,785
2026-05-20 09:57:17,41,33,88,5.61,720
2026-05-20 09:57:22,22,21,62,6.49,471
2026-05-20 09:57:27,79,40,58,6.92,878
2026-05-20 09:57:32,21,40,87,7.47,439
2026-05-20 09:57:37,28,25,62,6.62,535
2026-05-20 09:57:42,34,24,84,7.39,489
2026-05-20 09:57:47,27,40,81,6.05,701
2026-05-20 09:57:52,43,20,69,6.98,232
2026-05-20 09:57:57,30,37,75,6.92,922
2026-05-20 09:58:02,30,21,70,7.21,788
2026-05-20 09:58:07,22,20,89,7.5,687
2026-05-20 09:58:12,26,34,78,6.09,940
2026-05-20 09:58:17,64,35,70,7.11,548
2026-05-20 09:58:22,62,27,48,7.01,643
2026-05-20 09:58:27,21,35,67,6.0,318
2026-05-20 09:58:32,36,38,47,6.23,850
2026-05-20 09:58:37,24,36,42,7.34,566
2026-05-20 09:58:42,24,36,90,7.0,603
2026-05-20 09:58:47,79,23,89,5.51,214
2026-05-20 09:58:52,74,37,71,5.65,892
2026-05-20 09:58:57,30,23,76,5.9,570
2026-05-20 09:59:02,43,24,45,6.41,823
2026-05-20 09:59:07,35,29,66,7.05,839
2026-05-20 09:59:12,70,27,61,6.89,257
2026-05-20 09:59:17,78,23,53,6.53,857
2026-05-20 09:59:22,24,27,72,7.5,224
2026-05-20 09:59:27,38,27,72,6.34,974
2026-05-20 09:59:32,51,34,41,6.42,923
2026-05-20 09:59:37,49,40,45,6.61,223
2026-05-20 09:59:42,57,31,87,6.74,348
2026-05-20 09:59:47,45,38,73,7.39,912
2026-05-20 09:59:52,44,34,80,5.86,436
2026-05-20 09:59:57,66,39,64,6.01,264
2026-05-20 10:00:02,39,30,55,6.64,677
2026-05-20 10:00:07,61,23,41,7.35,645
2026-05-20 10:00:12,21,31,81,7.01,967
2026-05-20 10:00:17,40,38,79,5.85,998
2026-05-20 10:00:22,62,39,52,6.03,840
2026-05-20 10:00:27,77,31,66,6.59,962
2026-05-20 10:00:32,20,33,72,6.25,250
2026-05-20 10:00:37,76,33,54,6.79,209
2026-05-20 10:00:42,53,27,52,6.73,942
2026-05-20 10:00:47,41,29,56,7.49,502
2026-05-20 10:00:52,23,27,74,6.93,454
2026-05-20 10:00:57,25,36,81,6.86,658
2026-05-20 10:01:02,24,34,87,7.42,577
2026-05-20 10:01:07,49,29,53,6.07,688
2026-05-20 10:01:12,21,23,56,7.04,456
2026-05-20 10:01:17,23,39,81,5.58,378
2026-05-20 10:01:22,42,24,67,6.89,572
2026-05-20 10:01:27,37,33,83,6.27,972
2026-05-20 10:01:32,47,25,48,6.93,678
2026-05-20 10:01:37,58,40,82,6.73,898
2026-05-20 10:01:42,55,30,61,6.24,445
2026-05-20 10:01:47,78,21,50,6.69,900
2026-05-20 10:01:52,26,33,68,6.57,527
2026-05-20 10:01:57,76,28,83,7.46,239
2026-05-20 10:02:02,75,39,47,7.43,966
2026-05-20 10:02:07,76,25,67,5.51,501
2026-05-20 10:02:12,31,26,87,5.69,336
2026-05-20 10:02:17,68,31,67,6.25,784
2026-05-20 10:02:22,59,39,49,7.05,796
2026-05-20 10:02:27,21,24,47,6.92,937
2026-05-20 10:02:32,65,35,42,6.93,813
2026-05-20 10:02:37,47,20,65,6.01,992
2026-05-20 10:02:42,44,40,46,5.73,835
2026-05-20 10:02:47,30,31,80,7.47,784
2026-05-20 10:02:52,30,36,48,7.19,561
2026-05-20 10:02:57,23,38,76,6.39,887
2026-05-20 10:03:02,26,25,68,6.66,920
2026-05-20 10:03:07,76,25,40,6.89,637
2026-05-20 10:03:12,42,34,74,6.19,534
2026-05-20 10:03:17,27,24,68,5.85,377
2026-05-20 10:03:22,34,30,89,6.39,568
2026-05-20 10:03:27,68,28,72,6.56,582
2026-05-20 10:03:32,62,30,72,7.23,548
2026-05-20 10:03:37,47,39,90,7.41,436
2026-05-20 10:03:42,32,32,61,7.34,402
2026-05-20 10:03:47,30,40,60,7.43,709
2026-05-20 10:03:52,38,39,42,6.03,381
2026-05-20 10:03:57,60,21,74,5.57,270
2026-05-20 10:04:02,76,37,77,5.83,908
2026-05-20 10:04:07,70,32,86,6.87,366
2026-05-20 10:04:12,80,31,56,6.68,603
2026-05-20 10:04:17,78,21,60,6.39,722
2026-05-20 10:04:22,28,35,89,6.75,384
2026-05-20 10:04:27,32,31,48,5.68,954
2026-05-20 10:04:32,43,26,56,5.8,548
2026-05-20 10:04:37,71,36,60,5.63,472
2026-05-20 10:04:42,24,30,42,5.94,582
2026-05-20 10:04:47,21,22,50,6.83,399
2026-05-20 10:04:52,51,33,48,7.17,356
2026-05-20 10:04:57,24,23,58,7.24,726
2026-05-20 10:05:02,55,25,72,6.0,316
2026-05-20 10:05:08,54,20,48,6.01,693
2026-05-20 10:05:13,57,38,45,5.83,638
2026-05-20 10:05:18,72,22,62,6.32,392
2026-05-20 10:05:23,47,35,43,6.91,844
2026-05-20 10:05:28,26,35,77,5.68,801
2026-05-20 10:05:33,71,28,81,6.67,676
2026-05-20 10:05:38,39,24,77,7.03,518
2026-05-20 10:05:43,38,38,61,6.5,947
2026-05-20 10:05:48,45,39,67,7.45,813
2026-05-20 10:05:53,60,27,88,6.63,630
2026-05-20 10:05:58,43,26,74,7.02,439
2026-05-20 10:06:03,70,28,44,5.66,776
2026-05-20 10:06:08,64,31,60,6.43,421
2026-05-20 10:06:13,63,20,79,6.21,557
2026-05-20 10:06:18,75,21,67,6.07,791
2026-05-20 10:06:23,70,30,60,7.47,797
2026-05-20 10:06:28,36,30,61,6.94,471
2026-05-20 10:06:33,55,34,87,6.3,454
2026-05-20 10:06:38,28,28,50,5.97,921
2026-05-20 10:06:43,70,20,62,5.57,389
2026-05-20 10:06:48,69,29,59,5.54,202
2026-05-20 10:06:53,70,34,84,6.35,822
2026-05-20 10:06:58,67,33,46,6.85,229
2026-05-20 10:07:03,67,28,61,7.33,804
2026-05-20 10:07:08,20,37,60,6.92,471
2026-05-20 10:07:13,63,35,60,7.03,711
2026-05-20 10:07:18,29,30,54,5.87,885
2026-05-20 10:07:23,55,28,69,5.62,973
2026-05-20 10:07:28,80,20,82,5.72,322
2026-05-20 10:07:33,78,35,87,7.28,210
2026-05-20 10:07:38,72,30,86,5.91,680
2026-05-20 10:07:43,55,20,41,6.45,394
2026-05-20 10:07:48,58,37,46,6.02,267
2026-05-20 10:07:53,71,39,83,6.97,992
2026-05-20 10:07:58,51,36,78,5.74,481
2026-05-20 10:08:03,25,39,66,6.73,273
2026-05-20 10:08:08,78,26,69,5.89,415
2026-05-20 10:08:13,28,26,47,7.02,208
2026-05-20 10:08:18,65,37,79,6.35,890
2026-05-20 10:08:23,25,25,86,6.42,477
2026-05-20 10:08:28,63,30,47,7.06,244
2026-05-20 10:08:33,36,24,57,5.92,374
2026-05-20 10:08:38,22,35,41,6.65,554
2026-05-20 10:08:43,70,35,70,7.36,510
2026-05-20 10:08:48,45,23,68,6.88,690
2026-05-20 10:08:53,37,38,55,5.81,249
2026-05-20 10:08:58,31,37,86,5.88,902
2026-05-20 10:09:03,28,25,61,7.01,858
2026-05-20 10:09:08,25,31,66,7.31,635
2026-05-20 10:09:13,35,21,66,6.22,284
2026-05-20 10:09:18,36,34,63,6.78,480
2026-05-20 10:09:23,38,28,88,7.42,785
2026-05-20 10:09:28,28,33,73,5.78,801
2026-05-20 10:09:33,79,32,73,6.07,861
2026-05-20 10:09:38,48,22,75,6.05,578
2026-05-20 10:09:43,68,34,59,6.16,220
2026-05-20 10:09:48,67,25,46,7.02,961
2026-05-20 10:09:53,77,22,84,7.14,644
2026-05-20 10:09:58,22,37,79,6.5,661
2026-05-20 10:10:03,32,23,86,6.91,869
2026-05-20 10:10:08,25,21,60,7.19,904
2026-05-20 10:10:13,23,28,87,7.45,881
2026-05-20 10:10:18,25,38,89,7.4,933
2026-05-20 10:10:23,20,35,77,7.27,334
2026-05-20 10:10:28,72,37,77,6.38,898
2026-05-20 10:10:33,30,38,68,5.67,739
2026-05-20 10:10:38,75,39,59,6.59,245
2026-05-20 10:10:43,61,24,81,6.84,275
2026-05-20 10:10:48,29,23,78,7.02,845
2026-05-20 10:10:53,37,24,55,6.88,453
2026-05-20 10:10:58,64,29,40,6.56,553
2026-05-20 10:11:03,28,36,62,5.97,223
2026-05-20 10:11:08,71,28,40,6.76,587
2026-05-20 10:11:13,43,28,56,5.86,856
2026-05-20 10:11:18,57,40,48,7.09,771
2026-05-20 10:11:23,58,33,61,5.79,489
2026-05-20 10:11:28,29,40,40,6.2,308
2026-05-20 10:11:33,21,34,60,5.8,723
2026-05-20 10:11:38,79,35,54,6.33,247
2026-05-20 10:11:43,36,25,56,5.56,322
2026-05-20 10:11:48,40,38,87,7.37,774
2026-05-20 10:11:53,69,40,78,6.86,696
2026-05-20 10:11:58,26,26,80,7.33,501
2026-05-20 10:12:03,71,38,57,7.14,479
2026-05-20 10:12:08,70,33,43,5.58,517
2026-05-20 10:12:13,29,29,85,7.49,504
2026-05-20 10:12:18,21,40,48,6.98,622
2026-05-20 10:12:23,67,38,84,6.76,835
2026-05-20 10:12:28,51,40,85,6.5,261
2026-05-20 10:12:33,67,24,86,7.4,932
2026-05-20 10:12:38,21,31,72,7.48,400
2026-05-20 10:12:43,29,25,70,5.52,927
2026-05-20 10:12:48,32,26,41,5.8,780
2026-05-20 10:12:53,26,23,73,6.74,661
2026-05-20 10:12:58,32,33,78,5.59,371
2026-05-20 10:13:04,78,24,63,6.51,781
2026-05-20 10:13:09,23,23,71,6.85,384
2026-05-20 10:13:14,25,40,83,7.4,424
2026-05-20 10:13:19,51,23,62,5.96,535
2026-05-20 10:13:24,65,24,83,5.77,597
2026-05-20 10:13:29,24,38,40,6.94,361
2026-05-20 10:13:34,20,21,90,6.3,540
2026-05-20 10:13:39,35,25,53,7.38,293
2026-05-20 10:13:44,29,28,57,7.26,577
2026-05-20 10:13:49,59,33,56,7.06,903
2026-05-20 10:13:54,26,35,58,7.37,731
2026-05-20 10:13:59,22,32,82,5.57,511
2026-05-20 10:14:04,20,34,90,6.75,819
2026-05-20 10:14:09,32,29,64,7.32,747
2026-05-20 10:14:14,74,23,75,7.4,401
2026-05-20 10:14:19,23,40,67,5.67,819
2026-05-20 10:14:24,36,39,57,7.26,279
2026-05-20 10:14:29,22,36,78,6.37,926
2026-05-20 10:14:34,57,31,49,6.93,576
2026-05-20 10:14:39,22,35,90,5.81,635
2026-05-20 10:14:44,20,26,42,6.33,858
2026-05-20 10:14:49,46,37,54,6.02,224
2026-05-20 10:14:54,23,29,45,6.01,566
2026-05-20 10:14:59,22,28,65,5.82,304
2026-05-20 10:15:04,74,32,67,7.21,545
2026-05-20 10:15:09,62,27,63,5.65,715
2026-05-20 10:15:14,64,33,68,6.82,885
2026-05-20 10:15:19,80,26,40,7.29,536
2026-05-20 10:15:24,46,32,61,5.7,594
2026-05-20 10:15:29,47,24,63,7.46,262
2026-05-20 10:15:34,20,28,78,5.95,370
2026-05-20 10:15:39,28,34,90,5.92,255
2026-05-20 10:15:44,30,22,65,5.6,597
2026-05-20 10:15:49,28,23,43,6.69,914
2026-05-20 10:15:54,29,37,68,6.61,950
2026-05-20 10:15:59,74,35,87,6.01,949
2026-05-20 10:16:04,38,29,79,6.09,661
2026-05-20 10:16:09,44,26,90,6.43,612
2026-05-20 10:16:14,41,29,84,6.52,402
2026-05-20 10:16:19,80,33,58,6.51,388
2026-05-20 10:16:24,34,36,90,7.43,865
2026-05-20 10:16:29,25,27,84,6.23,914
2026-05-20 10:16:34,30,29,65,6.43,257
2026-05-20 10:16:39,61,25,50,6.07,474
2026-05-20 10:16:44,41,20,86,6.57,234
2026-05-20 10:16:49,31,27,53,7.35,925
2026-05-20 10:16:54,71,22,42,5.97,270
2026-05-20 10:16:59,22,24,48,5.54,671
2026-05-20 10:17:04,55,35,40,6.38,704
2026-05-20 10:17:09,80,21,44,5.51,943
2026-05-20 10:17:14,61,37,82,6.47,405
2026-05-20 10:17:19,69,39,67,6.27,241
2026-05-20 10:17:24,52,39,42,6.09,949
2026-05-20 10:17:29,51,36,89,6.07,504
2026-05-20 10:17:34,25,20,65,7.18,538
2026-05-20 10:17:39,27,36,51,5.57,284
2026-05-20 10:17:44,26,27,57,6.35,497
2026-05-20 10:17:49,59,21,65,7.05,737
2026-05-20 10:17:54,28,33,47,6.81,362
2026-05-20 10:17:59,57,31,56,7.09,266
2026-05-20 10:18:04,70,31,79,6.15,870
2026-05-20 10:18:09,37,34,45,6.3,971
2026-05-20 10:18:14,26,36,76,6.92,502
2026-05-20 10:18:19,59,30,72,7.09,508
2026-05-20 10:18:24,53,28,52,5.88,398
2026-05-20 10:18:29,50,21,47,5.7,540
2026-05-20 10:18:34,53,31,51,6.5,769
2026-05-20 10:18:39,27,24,67,5.71,958
2026-05-20 10:18:44,80,25,54,6.97,654
2026-05-20 10:18:49,72,34,53,6.7,334
2026-05-20 10:18:54,39,40,54,5.92,386
2026-05-20 10:18:59,29,20,73,6.11,536
2026-05-20 10:19:04,35,35,88,6.62,437
2026-05-20 10:19:09,38,22,45,5.91,739
2026-05-20 10:19:14,25,26,70,6.74,621
2026-05-20 10:19:19,73,36,42,6.9,312
2026-05-20 10:19:24,26,22,62,6.9,215
2026-05-20 10:19:29,45,35,51,7.33,608
2026-05-20 10:19:34,74,38,68,6.22,328
2026-05-20 10:19:39,77,21,52,6.31,341
2026-05-20 10:19:44,67,26,59,5.8,354
2026-05-20 10:19:49,21,31,45,6.16,636
2026-05-20 10:19:54,59,21,81,6.76,537
2026-05-20 10:19:59,22,37,55,6.58,632
2026-05-20 10:20:04,42,25,46,6.28,891
2026-05-20 10:20:09,37,30,69,7.48,639
2026-05-20 10:20:14,73,30,50,6.97,460
2026-05-20 10:20:19,24,34,90,5.96,395
2026-05-20 10:20:24,61,24,79,6.26,260
2026-05-20 10:20:29,28,33,74,6.24,381
2026-05-20 10:20:34,20,30,47,7.19,471
2026-05-20 10:20:39,72,20,80,7.15,830
2026-05-20 10:20:44,79,34,69,6.26,723
2026-05-20 10:20:49,55,30,51,6.82,235
2026-05-20 10:20:54,27,22,69,7.16,694
2026-05-20 10:20:59,74,36,90,5.9,673
2026-05-20 10:21:04,51,35,66,6.07,820
2026-05-20 10:21:10,51,26,81,6.63,611
2026-05-20 10:21:15,69,25,52,6.04,904
2026-05-20 10:21:20,64,39,56,6.08,287
2026-05-20 10:21:25,72,37,76,6.22,755
2026-05-20 10:21:30,63,30,74,6.15,404
2026-05-20 10:21:35,37,35,60,6.62,796
2026-05-20 10:21:40,26,39,83,7.38,368
2026-05-20 10:21:45,42,27,50,6.1,662
2026-05-20 10:21:50,20,34,80,6.82,428
2026-05-20 10:21:55,27,39,47,7.04,844
2026-05-20 10:22:00,53,26,48,7.14,552
2026-05-20 10:22:05,70,23,53,6.0,709
2026-05-20 10:22:10,73,22,40,6.29,512
2026-05-20 10:22:15,21,24,82,6.89,863
2026-05-20 10:22:20,68,24,55,6.38,489
2026-05-20 10:22:25,48,25,51,5.98,768
2026-05-20 10:22:30,20,39,55,6.83,340
2026-05-20 10:22:35,53,20,56,5.91,816
2026-05-20 10:22:40,22,31,64,5.62,616
2026-05-20 10:22:45,75,26,66,7.44,711
2026-05-20 10:22:50,49,24,75,6.97,650
2026-05-20 10:22:55,43,30,80,5.7,439
2026-05-20 10:23:00,67,25,60,6.49,609
2026-05-20 10:23:05,50,30,81,5.79,941
2026-05-20 10:23:10,53,35,66,7.48,282
2026-05-20 10:23:15,67,24,59,7.15,573
2026-05-20 10:23:20,51,27,63,6.13,827
2026-05-20 10:23:25,72,29,76,7.48,796
2026-05-20 10:23:30,28,32,83,7.45,229
2026-05-20 10:23:35,78,37,68,7.3,845
2026-05-20 10:23:40,37,40,90,6.24,991
2026-05-20 10:23:45,46,32,54,5.56,222
2026-05-20 10:23:50,58,40,49,7.1,725
2026-05-20 10:23:55,29,36,65,7.4,455
2026-05-20 10:24:00,42,24,71,7.14,597
2026-05-20 10:24:05,30,34,64,5.83,576
2026-05-20 10:24:10,66,40,57,5.67,279
2026-05-20 10:24:15,64,20,46,6.06,595
2026-05-20 10:24:20,55,38,78,6.71,929
2026-05-20 10:24:25,76,26,64,6.68,255
2026-05-20 10:24:30,21,22,78,5.66,804
2026-05-20 10:24:35,77,34,71,7.46,466
2026-05-20 10:24:40,64,20,46,6.15,717
2026-05-20 10:24:45,54,20,61,7.26,501
2026-05-20 10:24:50,25,29,90,6.61,249
2026-05-20 10:24:55,78,32,74,5.6,295
2026-05-20 10:25:00,26,24,73,6.35,495
2026-05-20 10:25:05,77,21,46,7.0,845
2026-05-20 10:25:10,42,30,90,7.39,276
2026-05-20 10:25:15,50,22,56,6.04,591
2026-05-20 10:25:20,50,23,90,7.08,639
2026-05-20 10:25:25,62,20,61,6.38,697
2026-05-20 10:25:30,45,39,76,5.87,441
2026-05-20 10:25:35,78,27,90,5.86,991
2026-05-20 10:25:40,41,36,44,6.2,446
2026-05-20 10:25:45,29,37,71,6.06,626
2026-05-20 10:25:50,27,34,54,6.91,963
2026-05-20 10:25:55,37,22,71,5.76,708
2026-05-20 10:26:00,63,29,54,6.91,523
2026-05-20 10:26:05,24,37,50,6.42,542
2026-05-20 10:26:10,49,26,48,5.91,363
2026-05-20 10:26:15,71,27,41,6.05,733
2026-05-20 10:26:20,75,37,51,6.97,932
2026-05-20 10:26:25,31,32,58,5.83,886
2026-05-20 10:26:30,25,23,43,6.0,487
2026-05-20 10:26:35,26,31,51,6.11,894
2026-05-20 10:26:40,27,26,89,6.73,709
2026-05-20 10:26:45,29,24,52,6.51,928
2026-05-20 10:26:50,48,24,40,7.04,681
2026-05-20 10:26:55,29,24,62,5.64,663
2026-05-20 10:27:00,26,40,86,6.28,930
2026-05-20 10:27:05,34,24,89,6.17,688
2026-05-20 10:27:10,29,26,53,6.65,809
2026-05-20 10:27:15,23,33,65,6.74,290
2026-05-20 10:27:20,74,27,89,6.76,938
2026-05-20 10:27:25,25,36,67,6.84,519
2026-05-20 10:27:30,39,22,57,5.89,955
2026-05-20 10:27:35,29,24,66,7.33,295
2026-05-20 10:27:40,24,20,54,6.9,372
2026-05-20 10:27:45,78,34,44,6.17,931
2026-05-20 10:27:50,27,39,73,6.05,675
2026-05-20 10:27:55,20,20,56,7.22,804
2026-05-20 10:28:00,70,21,70,5.69,270
2026-05-20 10:28:05,21,32,60,5.89,391
2026-05-20 10:28:10,22,32,82,7.46,247
2026-05-20 10:28:15,79,23,49,6.04,272
2026-05-20 10:28:20,21,26,49,6.49,328
2026-05-20 10:28:25,26,27,73,6.91,927
2026-05-20 10:28:30,21,20,68,5.96,706
2026-05-20 10:28:35,69,28,56,7.23,513
2026-05-20 10:28:40,75,35,70,7.33,978
2026-05-20 10:28:45,39,26,71,5.84,477
2026-05-20 10:28:50,38,28,44,7.16,778
2026-05-20 10:28:55,73,36,56,5.62,687
2026-05-20 10:29:00,26,22,86,6.57,985
2026-05-20 10:29:05,22,37,65,6.21,384
2026-05-20 10:29:10,23,24,59,6.62,829
2026-05-20 10:29:15,29,31,58,6.62,312
2026-05-20 10:29:20,22,28,49,7.29,214
2026-05-20 10:29:25,24,21,75,7.32,490
2026-05-20 10:29:30,33,29,77,5.53,342
2026-05-20 10:29:35,62,39,52,6.89,311
2026-05-20 10:29:40,55,36,67,7.44,370
2026-05-20 10:29:45,27,27,76,5.53,287
2026-05-20 10:29:51,29,27,81,5.66,719
2026-05-20 10:29:56,24,22,84,7.07,540
2026-05-20 10:30:01,43,21,45,6.92,991
2026-05-20 10:30:06,22,21,57,5.86,631
2026-05-20 10:30:11,48,23,51,5.76,788
2026-05-20 10:30:16,64,26,89,5.78,739
2026-05-20 10:30:21,30,21,49,6.39,670
2026-05-20 10:30:26,68,35,85,5.9,944
2026-05-20 10:30:31,38,32,60,6.96,912
2026-05-20 10:30:36,49,21,82,7.25,797
2026-05-20 10:30:41,77,36,88,7.38,556
2026-05-20 10:30:46,54,27,63,7.05,844
2026-05-20 10:30:51,71,26,56,5.91,959
2026-05-20 10:30:56,55,22,85,5.91,944
2026-05-20 10:31:01,61,40,53,5.87,806
2026-05-20 10:31:06,27,33,85,6.98,230
2026-05-20 10:31:11,71,38,86,5.76,292
2026-05-20 10:31:16,73,34,53,5.8,398
2026-05-20 10:31:21,27,23,67,7.37,575
2026-05-20 10:31:26,27,35,65,5.73,337
2026-05-20 10:31:31,67,22,79,7.26,827
2026-05-20 10:31:36,25,22,70,6.01,390
2026-05-20 10:31:41,62,36,70,6.22,723
2026-05-20 10:31:46,31,30,66,6.24,908
2026-05-20 10:31:51,57,36,46,6.5,364
2026-05-20 10:31:56,75,30,44,5.56,786
2026-05-20 10:32:01,48,36,49,6.0,664
2026-05-20 10:32:06,44,29,73,6.38,267
2026-05-20 10:32:11,74,37,53,6.49,991
2026-05-20 10:32:16,71,38,85,6.12,440
2026-05-20 10:32:21,24,37,51,6.05,603
2026-05-20 10:32:26,25,32,40,5.67,587
2026-05-20 10:32:31,78,33,85,6.11,365
2026-05-20 10:32:36,70,33,42,6.76,727
2026-05-20 10:32:41,50,22,76,7.17,328
2026-05-20 10:32:46,29,34,50,7.1,551
2026-05-20 10:32:51,38,27,57,5.65,246
2026-05-20 10:32:56,24,39,71,6.01,810
2026-05-20 10:33:01,27,29,49,6.98,999
2026-05-20 10:33:06,63,36,42,6.01,314
2026-05-20 10:33:11,72,28,85,7.47,259
2026-05-20 10:33:16,20,27,45,7.12,629
2026-05-20 10:33:21,32,35,53,6.08,879
2026-05-20 10:33:26,68,22,62,6.53,304
2026-05-20 10:33:31,22,31,78,5.59,896
2026-05-20 10:33:36,25,29,77,7.23,786
2026-05-20 10:33:41,31,30,80,6.34,773
2026-05-20 10:33:46,32,25,86,6.69,462
2026-05-20 10:33:51,71,29,66,5.99,958
2026-05-20 10:33:56,72,27,83,7.31,876
2026-05-20 10:34:01,76,38,40,7.32,956
2026-05-20 10:34:06,30,30,65,7.13,913
2026-05-20 10:34:11,54,32,40,5.75,987
2026-05-20 10:34:16,53,32,64,6.14,515
2026-05-20 10:34:21,25,38,59,6.04,910
2026-05-20 10:34:26,42,33,52,5.84,982
2026-05-20 10:34:31,75,34,75,7.12,530
2026-05-20 10:34:36,24,34,66,6.93,755
2026-05-20 10:34:41,61,29,43,6.86,307
2026-05-20 10:34:46,44,28,67,5.54,462
2026-05-20 10:34:51,69,38,45,6.05,281
2026-05-20 10:34:56,71,38,88,6.27,869
2026-05-20 10:35:01,46,31,44,6.34,841
2026-05-20 10:35:06,50,35,89,5.91,915
2026-05-20 10:35:11,28,21,56,6.92,801
2026-05-20 10:35:16,30,21,82,6.46,475
2026-05-20 10:35:21,25,22,84,5.85,801
2026-05-20 10:35:26,78,28,74,7.19,984
2026-05-20 10:35:31,28,37,84,7.25,390
2026-05-20 10:35:36,49,34,44,6.59,322
2026-05-20 10:35:41,40,29,49,7.37,724
2026-05-20 10:35:46,28,24,61,5.88,464
2026-05-20 10:35:51,69,25,86,6.87,506
2026-05-20 10:35:56,50,25,71,7.36,482
2026-05-20 10:36:01,65,35,87,6.09,843
2026-05-20 10:36:06,46,33,42,5.62,831
2026-05-20 10:36:11,22,40,72,6.83,739
2026-05-20 10:36:16,47,30,41,7.31,500
2026-05-20 10:36:21,24,35,50,6.32,368
2026-05-20 10:36:26,27,24,52,6.55,467
2026-05-20 10:36:31,36,38,68,5.88,585
2026-05-20 10:36:36,20,39,86,5.61,990
2026-05-20 10:36:41,59,30,76,6.89,547
2026-05-20 10:36:46,32,21,42,5.57,647
2026-05-20 10:36:51,63,23,86,7.48,518
2026-05-20 10:36:56,53,24,65,6.77,919
2026-05-20 10:37:01,29,26,81,7.26,213
2026-05-20 10:37:06,74,39,64,6.69,311
2026-05-20 10:37:11,23,25,76,6.41,256
2026-05-20 10:37:16,23,35,50,5.96,956
2026-05-20 10:37:21,61,35,90,6.8,246
2026-05-20 10:37:26,69,34,56,6.31,420
2026-05-20 10:37:31,67,24,48,6.2,575
2026-05-20 10:37:36,57,21,69,6.68,720
2026-05-20 10:37:41,34,30,51,6.36,642
2026-05-20 10:37:46,27,23,75,6.06,317
2026-05-20 10:37:51,47,28,85,7.12,442
2026-05-20 10:37:56,28,37,65,7.02,832
2026-05-20 10:38:01,80,32,71,5.61,429
2026-05-20 10:38:06,40,32,72,7.31,297
2026-05-20 10:38:11,42,28,90,5.66,516
2026-05-20 10:38:16,28,32,43,7.0,944
2026-05-20 10:38:21,74,24,46,6.45,402
2026-05-20 10:38:26,62,39,47,6.19,784
2026-05-20 10:38:31,64,21,86,6.85,926
2026-05-20 10:38:36,60,26,71,5.87,661
2026-05-20 10:38:41,76,37,46,6.82,443
2026-05-20 10:38:46,24,29,68,5.53,218
2026-05-20 10:38:51,26,40,72,5.84,400
2026-05-20 10:38:56,25,20,50,6.34,761
2026-05-20 10:39:01,64,24,77,6.26,371
2026-05-20 10:39:06,68,39,72,5.84,257
2026-05-20 10:39:11,76,26,60,5.78,946
2026-05-20 10:39:17,41,28,71,6.17,895
2026-05-20 10:39:22,66,24,85,7.4,959
2026-05-20 10:39:27,77,24,70,6.31,334
2026-05-20 10:39:32,78,31,59,6.62,256
2026-05-20 10:39:37,52,29,42,6.93,398
2026-05-20 10:39:42,30,33,50,6.97,504
2026-05-20 10:39:47,24,33,48,6.65,559
2026-05-20 10:39:52,36,29,83,7.11,806
2026-05-20 10:39:57,41,21,57,7.44,551
2026-05-20 10:40:02,69,22,79,6.71,562
2026-05-20 10:40:07,21,38,64,5.88,794
2026-05-20 10:40:12,58,39,52,6.42,214
2026-05-20 10:40:17,65,24,49,7.32,501
2026-05-20 10:40:22,47,31,87,6.99,731
2026-05-20 10:40:27,25,38,40,6.37,381
2026-05-20 10:40:32,34,35,56,5.98,766
2026-05-20 10:40:37,75,30,89,6.99,866
2026-05-20 10:40:42,25,40,84,5.68,542
2026-05-20 10:40:47,44,39,48,6.27,269
2026-05-20 10:40:52,24,24,82,5.74,212
2026-05-20 10:40:57,21,35,56,5.66,778
2026-05-20 10:41:02,21,38,55,5.69,219
2026-05-20 10:41:07,28,32,90,5.83,535
2026-05-20 10:41:12,49,33,85,6.59,672
2026-05-20 10:41:17,71,34,89,6.08,443
2026-05-20 10:41:22,59,39,81,6.61,959
2026-05-20 10:41:27,28,32,76,6.66,886
2026-05-20 10:41:32,66,22,82,6.35,598
2026-05-20 10:41:37,79,20,52,5.62,804
2026-05-20 10:41:42,27,37,56,6.33,866
2026-05-20 10:41:47,65,40,83,6.26,741
2026-05-20 10:41:52,28,23,74,7.17,863
2026-05-20 10:41:57,27,26,76,5.91,660
2026-05-20 10:42:02,29,23,50,7.31,884
2026-05-20 10:42:07,66,20,46,7.31,700
2026-05-20 10:42:12,79,24,70,6.29,716
2026-05-20 10:42:17,29,33,42,6.65,540
2026-05-20 10:42:22,40,28,74,6.47,249
2026-05-20 10:42:27,29,26,82,6.51,593
2026-05-20 10:42:32,38,31,52,7.5,479
2026-05-20 10:42:37,73,26,79,7.09,526
2026-05-20 10:42:42,32,40,40,5.73,400
2026-05-20 10:42:47,59,31,53,5.76,870
2026-05-20 10:42:52,23,32,65,6.87,202
2026-05-20 10:42:57,43,30,51,5.99,302
2026-05-20 10:43:02,59,28,80,6.76,596
2026-05-20 10:43:07,21,35,77,5.72,527
2026-05-20 10:43:12,58,22,68,5.51,453
2026-05-20 10:43:17,33,23,79,6.29,425
2026-05-20 10:43:22,58,25,82,5.65,989
2026-05-20 10:43:27,26,23,69,6.78,266
2026-05-20 10:43:32,28,38,88,6.78,223
2026-05-20 10:43:37,58,34,77,6.22,358
2026-05-20 10:43:42,65,20,48,7.01,489
2026-05-20 10:43:47,49,38,58,6.15,939
